title,link,snippet
Cat - Wikipedia,https://en.wikipedia.org/wiki/Cat,2 days agoThe cat ( Felis catus) is a domestic species of small carnivorous mammal. [1] [2] It is the only domesticated species in the family Felidae and is commonly referred to as the domestic cat or house cat to distinguish it from the wild members of the family. [4] Cats are commonly kept as house pets but can also be farm cats or feral cats; the ...
Cat | Breeds & Facts | Britannica,https://www.britannica.com/animal/cat,"cat, (Felis catus), also called house cat or domestic cat, domesticated member of the family Felidae, order Carnivora, and the smallest member of that family.Like all felids, domestic cats are characterized by supple low-slung bodies, finely molded heads, long tails that aid in balance, and specialized teeth and claws that adapt them admirably to a life of active hunting."
"Feline | Definition, Species, and Facts | Britannica",https://www.britannica.com/animal/feline,"20 Jul 2023feline, (family Felidae), any of 37 cat species that among others include the cheetah, puma, jaguar, leopard, lion, lynx, tiger, and domestic cat. Cats are native to almost every region on Earth, with the exception of Australia and Antarctica. They are carnivorous mammal s that live in a wide variety of habitats, but they are typically woodland ..."
Felidae - Wikipedia,https://en.wikipedia.org/wiki/Felidae,"2 days agoFelidae (/ ˈ f ɛ l ɪ d iː /) is the family of mammals in the order Carnivora colloquially referred to as cats.A member of this family is also called a felid (/ ˈ f iː l ɪ d /). The term ""cat"" refers both to felids in general and specifically to the domestic cat (Felis catus).. The 41 Felidae species exhibit the most diversity in fur patterns of all terrestrial carnivores."
Cat Definition & Meaning - Merriam-Webster,https://www.merriam-webster.com/dictionary/cat,"cat: [noun] a carnivorous mammal (Felis catus) long domesticated as a pet and for catching rats and mice. any of a family (Felidae) of carnivorous usually solitary and nocturnal mammals (such as the domestic cat, lion, tiger, leopard, jaguar, cougar, wildcat, lynx, and cheetah)."
"Calico Cat: Breed Profile, Characteristics & Care - The Spruce Pets",https://www.thesprucepets.com/calico-cats-profile-554694,"30 Jun 2023Calico Cat Characteristics . The calico is a medium-sized domestic cat renowned for its spunky, assertive personality. While it's a generally independent cat that doesn't require constant attention, the calico is also sweet, loving, and loyal. It will readily bond with a single owner but enjoy the company of an entire family, too."
Cat Forum,https://www.catforum.com/,"New cat - Mother & 1 week old kittens. NewbieCatMan · Jul 17, 2023 · mollycod321 replied Jul 19, 2023. Cat Emergencies."
Home - SAFE Haven for Cats,https://www.safehavenforcats.org/,"News & Alerts, The Cat Chronicle & The Scratching Post. What to Expect at Clear the Shelters. Jul 20, 2023. SAFE Haven is hosting a Clear the Shelters event on August 11 from 11 am to 5 pm. This ""Felines for Five"" event is part of the month-long Clear the Shelters initiative sponsored locally by WRAL and FOX50 and nationally by NBC. It is ..."
"Pet | Definition, Types, History, & Facts | Britannica",https://www.britannica.com/animal/pet,"3 Jul 2023The cat too does not seem to have been domesticated as a pet until the New Kingdom period (about the 16th century bce) in Egypt. This is all the more strange as the ancient Egyptians had tamed many types of animals, such as lions, hyenas, monkeys, the Nile goose, and dogs, since the Old Kingdom period. But once cats were finally domesticated ..."
12 Cat Sounds & Their Meanings (With Audio) - Excited Cats,https://excitedcats.com/cat-sounds/,"13 Jul 2023If there are neighborhood cats out at night, you may hear them screaming at each other when their territories cross over. Female cats can also sometimes scream after mating. 10. Yowling. This noise is usually used for cats to communicate with other cats, either for territorial disputes or as a mating call. If you move to a new house, you may ..."
"Cat - Definition, Meaning & Synonyms | Vocabulary.com",https://www.vocabulary.com/dictionary/cat,"2 days agoWhat's another name for the four-legged feline that lies around on your keyboard all day and purrs? You might call it ""Fluffy,"" but it's also known as a cat."
Valerie Bertinelli Remembers Late Cat Dex 10 Years After Pet's Death,https://people.com/valerie-bertinelli-remembers-cat-dex-10-years-after-death-7565738,"2 days agoValerie Bertinelli marked a solemn moment Tuesday, remembering her beloved cat Dex, who died a decade ago. Sharing a selfie with Dex, the Food Network star captioned her Instagram post, ""A little ..."
Doja Cat is not happy with fans calling her by her full name,https://www.cnn.com/2023/07/24/entertainment/doja-cat-nickname-boyfriend-music/index.html,"4 days agoDoja Cat is coming for some of her fans. The singer took to Twitter over the weekend to explain a few things, one being not to call her by her ""government name,"" Amala Ratna Zandile Dlamini ..."
22 White Cat Breeds: Complete List with Info & Pictures,https://petkeen.com/white-cat-breeds/,"14 Jul 2023The 22 White Cat Breeds. 1. Persian Cat. Image Credit: choosangyeon, Shutterstock. The soft and luxurious long-coated Persian is a classic white cat breed. These sweet and gentle cats prefer a quiet and consistent home where they're guaranteed plenty of attention from their humans."
39 Synonyms of CAT | Merriam-Webster Thesaurus,https://www.merriam-webster.com/thesaurus/cat,"Synonyms for CAT: kitty, kitten, moggie, feline, pussycat, pussy, puss, house cat, moggy, mouser"
"CAT 2023 Exam Date, Notification (July 31), Registration, Syllabus ...",https://collegedunia.com/exams/cat,"7 days agoCAT 2023 exam date is Nov 26, 2023. CAT notification 2023 release date is July 31, 2023. IIM Lucknow is the conducting authority for this year's exam. CAT 2023 exam convenor is Prof. Sanjeet Singh, faculty IIM Lucknow. CAT 2023 registration starts from August 3, 2023, only on the official website- iimcat.ac.in 2023."
Happy Cats Haven | Cat Rescue Colorado Springs,https://happycatshaven.org/,"of all shelter cat adoptions in the Pikes Peak Region were provided by Happy Cats Haven. 55%. of those adoptions were for bonded cat friends & siblings, we keep kitty families together. 95%. of our total funding comes from individual cat lovers in our community, just like you!"
7 Common Cat Vocalizations And What They Mean - Cats.com,https://cats.com/cat-vocalizations,"10 Jul 2023A cat who's yowling (long and loud call) is communicating several things. Generally yowling is a form of aggression aimed towards another cat or an animal whereby a cat expresses a warning thanks to a threatening situation or territory invasion. Yowling may imply pain, illness or convey a feline's reproductive status during mating season."
Pet Adoption Services in Chandigarh - Sulekha,https://www.sulekha.com/pet-adoption-services/chandigarh,"7 days agoWhy Sulekha. Sulekha is India's most efficient and affordable premier listing service. When you choose Sulekha, you get the best offers available in the market and negotiate your terms with the top service providers. Our professionals guarantee 100% customer satisfaction while delivering the service on-time."
"CAT Exam 2023, Notification, Admit Card, Syllabus, Result",https://bschool.careers360.com/articles/cat-2023,"4 days agoCAT Exam 2023. This year, IIM Lucknow is going to conduct the CAT entrance exam for MBA admission.Once CAT 2023 exam registration begins is out, the candidates who are interested and meet the eligibility criteria can apply at the official website of IIM CAT, iimcat.ac.in. The CAT exam is a national-level management entrance test for admission to MBA/PGP at Indian Institutes of Management (IIMs)."
Cat Stevens - Wikipedia,https://en.wikipedia.org/wiki/Cat_Stevens,"2 days agoCat Stevens. Yusuf Islam (born Steven Demetre Georgiou; 21 July 1948 ), [1] commonly known by his stage names Cat Stevens, Yusuf, and Yusuf / Cat Stevens, is an English singer-songwriter and musician. To date, he has sold over 100 million records and has over 2 billion streams. [2] His musical style consists of folk, pop, rock, and, later in ..."
CAT - Caterpillar Inc Stock quote - CNNMoney.com,https://money.cnn.com/quote/quote.html?symb=CAT,"Find real-time CAT - Caterpillar Inc stock quotes, company profile, news and forecasts from CNN Business."
Tater Tot the tiny Utah kitty has captured hearts: TikTok | The ...,https://www.sacbee.com/news/nation-world/national/article277643488.html,"3 days agoTater Tot, the 5-week old kitten with leg deformities, has captured hearts on TikTok. Screengrab from @Ourfosterbabes on Instagram A dog named BeBe stumbled upon a tiny orange cat while exploring ..."
Missing girl who bicycled away from home with her cat is found living ...,https://www.mercurynews.com/2023/07/25/missing-forest-lake-girl-found-living-in-tent-isanti-county-minnesota-man-charged-2/,"3 days agoA 14-year-old Minnesota girl who was missing after bicycling away from her home with her cat spent two months living in a tent -- allegedly with the aid of her mother's former boyfriend, a ..."
A&E's 'My Strange Arrest' to feature segment on Wetumpka 'cat ladies',https://www.montgomeryadvertiser.com/story/news/local/progress/2023/07/26/aes-my-strange-arrest-to-feature-segment-on-wetumpka-cat-ladies/70467538007/,"2 days agoWETUMPKA ‒ The ""Cat Ladies"" of Wetumpka will tell their stories to a national television audience. An episode of ""My Strange Arrest"" will air July 26 at 9:30 p.m. on A&E. Terry Luck, one of the ..."
Yorkshire cat cruelty cases on the rise - RSPCA - BBC News,https://www.bbc.com/news/uk-england-south-yorkshire-66295525,"1 day agoThe number of reports of cruelty against cats in Yorkshire rose by nearly 12% in the last year, according to the RSPCA. The charity said that in 2022, there were 2,112 cases of cat cruelty ..."
"Doja Cat Reportedly Loses Over 180,000 Instagram Followers After ...",https://www.etonline.com/doja-cat-reportedly-loses-over-180000-instagram-followers-after-lashing-out-at-fans-208629,"3 days agoDoja Cat, who also said she found it ""creepy"" that her fans use the singer's real name, Amala Zandile Dlamini, as their Twitter handle, also came under fire this week after a fan asked, ""I wanna ..."
"Doja Cat's Latest War With Her Own Fans, Explained",https://slate.com/culture/2023/07/doja-cat-boyfriend-j-cyrus-controversy-fans-kittenz.html,"1 day agoWhen a fan account named @TheKittenzWeb asked what they should change their name to, Doja apparently responded, ""Just delete the entire account and rethink everything it's never too late ..."
97 Cat Facts To Help Understand Those Aloof Weirdos - BuzzFeed,https://www.buzzfeed.com/kristatorres/cat-facts,"5 days agoThe normal heart rate for a cat is 140 to 220 beats per minute. To take your cat's heart rate, simply put your hand over your cat's left side, behind the front leg, so you can feel their heart ..."
26 Medium-Hair Cat Breeds (With Pictures) - Excited Cats,https://excitedcats.com/medium-hair-cat-breeds/,"17 Jul 2023The 26 Medium-Hair Cat Breeds. 1. Abyssinian. Image Credit: Dmitry Tsapenko, Pixabay. The Abyssinian is an affectionate, easy-to-care-for cat that typically has short to medium-length coats. These cats are medium-sized with large ears and a ""ticked"" coat, meaning that each individual hair has different colored bands."
Fossil reveals the moment a cat-size mammal took on a dinosaur three ...,https://www.cnn.com/2023/07/18/world/fossil-discovery-mammal-dinosaur-battle-scn/index.html,"18 Jul 2023Sometime during the Cretaceous Period, 125 million years ago, a feisty mammal the size of a domestic cat encountered a dinosaur three times its size and thought it looked like a tasty meal. A ..."
100 Best Cat Blogs and Websites for Cat Lovers - Feedspot,https://blog.feedspot.com/cat_blogs/,"7 days agoCat Blogs. 1. Love Meow. Love Meow is where you find inspiring and beautiful stories about cats, rescues and fosters from all over the world. 2. The Catnip Times. 3. Catster Magazine. Catster Magazine provides latest news and updates on cat behaviour, cat food, health & care, kitten, lifestyle and cat breeds."
91 Of The Cutest Kittens Ever | Bored Panda,https://www.boredpanda.com/cute-kittens/,"9 Jul 202391 Of The Cutest Kittens Ever. Most of us could spend days looking at baby animals, and if it's cute kittens - an eternity. Whether they are napping, playing, or doing other cat business, the sight of these fur balls can definitely melt a heart. And if there'd be a contest for cuteness, we are sure that these adorable kittens would win it."
Why Do Cats Tilt Their Heads? 6 Reasons for This Behavior,https://www.hepper.com/why-do-cats-tilt-their-heads/,"4 Jul 2023The 6 Possible Reasons Why Cats Tilt Their Heads. 1. Your Cat Is Trying to Pinpoint the Source of a Noise. This is one of the most common reasons your cat may tilt its head. Whether you heard the sound or not, it's always possible noises are happening in your home beyond the range of our measly human ears. That doesn't mean your cat can't ..."
50 Perfectly Accurate Pics And Memes That Capture What It's Like Living ...,https://www.boredpanda.com/funny-cat-pics-memes/,"10 Jul 202350 Perfectly Accurate Pics And Memes That Capture What It's Like Living With Cats. Ieva Gailiūtė and. Indrė Lukošiūtė. Argue all you want, but the internet is the best thing that has ever happened to cats. Whether these beautiful creatures make the funniest faces or show off their cute (and sharp!) claws, they rule our online presence ..."
15 Designer Cat Breeds: An Overview (With Pictures) | Pet Keen,https://petkeen.com/designer-cat-breeds/,"13 Jul 20234. Bengal. Image: Pixabay. The distinctive Bengal is possible one of the best-known designer cat breeds. The original crossing between a domestic cat and a wild Asian Leopard Cat, the Bengal is the only cat breed to have a metallic sheen to their fur, making them sparkle in the sunlight."
How Long is a Cat's Memory? Everything You Need to Know,https://thediscerningcat.com/how-long-is-a-cats-memory/,"17 Jul 2023A Word on Kittens and Memory. In many respects, a cat's kitten stage is critical for developing specific crucial skills. In most cases, these are acquired through observing adults or other cats or experiencing things like play fighting or engaging with a stimulating toy.What they learn is actually a form of memory - or, more accurately, these lessons are indelibly imprinted into memory."
20 Best Cat Movies Of All Time (With Trailers) | Pet Keen,https://petkeen.com/best-cat-movies/,"6 Jul 202313. Shrek 2 (2004), the Third (2007), Forever After (2010), and Puss in Boots (2011) We've combined 4 movies into 1 entry for this list since each movie involves the same character, Puss in Boots (Antonio Banderas does the voice). Surprise, surprise, Puss in Boots is a ginger cat."
Deadly cat virus in Cyprus could be 'potentially catastrophic for UK ...,https://news.sky.com/story/deadly-cat-virus-in-cyprus-could-be-potentially-catastrophic-for-uk-12920884,"15 Jul 2023FIP is a disease caused by feline coronavirus (FCoV). FCoV is a common and contagious virus in cats that is spread through their faeces. Most cats will not show symptoms, and if they do it is ..."
How Much Should I Feed My Cat? Vet Approved Feeding Chart,https://www.hepper.com/how-much-should-i-feed-my-cat/,"20 Jul 2023If you're feeding a combination of wet and dry food, it's important to measure out the amounts so that your cat is getting the correct number of calories. A 3-oz can of wet food averages about 70-78 calories, depending on the brand. So, a ten-pound adult intact male will need about 3 ½ cans of wet food per day."
Doja Cat Debuts Purple Hair Transformation: Before & After Photos ...,https://hollywoodlife.com/2023/07/21/doja-cat-purple-hair-before-after-photos/,"7 days agoDoja Cat, 27, turned up the heat on Jul. 20 when she shared a series of photos of her new hair transformation! In the first selfie, the songstress showed off her purple buzzcut while she sat ..."
10 Vet-Approved Homemade Cat Food Recipes Every Cat Will Love,https://www.hepper.com/homemade-cat-food/,"2 days ago3/4 - 1 cup low sodium broth or water. 1/2 tsp Holistic Vet Blend Omega-3 Icelandic fish oil or tinned fish. 1 - 2 boiled/cooked eggs (optional) Veggies like parsley, kale spinach, carrot, pumpkin, and/or squash. 15 g HVB Feline Premix or HVB Feline Senior Premix. This is a basic homemade cat food recipe blueprint."
"The 7 Best Cat Carriers: Reviews, Benefits and Top Picks",https://www.veterinarians.org/cat-carrier/,"6 Jul 2023With the mesh windows, your cat will see its surrounding at all times, which can be helpful when navigating busy airports or train stations. Dimensions: 17.5 x 11 x 11 inches. Material: Polyester. Weight Limit: 16 pounds. Review: With a rating of 4.7 stars, users are pleased with the X-ZONE PET Cat Carrier."
Alternatives to Declawing Your Cat: 8 Humane Options,https://excitedcats.com/alternatives-to-declawing/,"12 Jul 2023Your cat will then associate their scratching spot with positive attention from you. Compared to yelling and screaming, a scrumptious reward is a more motivating way of preventing destructive behavior. 4. Nail Caps. One way that you can prevent damage from your cat's claws is by covering them with plastic or vinyl covers. Nail caps are ..."
The Best 6 Interactive Cat Toys to Keep Your Kitty Busy,https://www.veterinarians.org/interactive-cat-toys/,"12 Jul 2023Get 15% Off Petlibro. Toy Type: Exercise Toy. Life Stage: Kittens and adults. Summary: Petlibro Pixie Mouse Interactive Toy is a BPA-free and durable cat toy that is ideal for your feline. This toy moves fast like a mouse with a colorful flashing light strip, hence catching your cat's attention at a glance."
Doja Cat lashes out at fans over 'kittenz' fandom name - NBC New York,https://www.nbcnewyork.com/entertainment/entertainment-news/doja-cat-faces-backlash-from-social-media-fan-accounts-after-criticizing-fandom-name/4534904/,"3 days agoDoja Cat is slamming her fans for calling themselves ""Kittenz."" In a since-deleted Threads post, the singer-rapper told her fans to ""get off your phone and get a job"" if they were to address ..."
5 Cat Trees That Look Like Real Trees (2023 Review) - CatVills,https://catvills.com/cat-trees-that-look-like-real-trees/,"5 Jul 2023Our Trees offer different areas of exploration and different materials... $111.66. Buy on Amazon. The On2Pets makes the only cat trees that look like real trees you'd find in nature, so it's obviously my #1 choice! Features & benefits. Designed for cats up to 32 pounds, making it big enough for a Maine Coon!"
The Best 6 Cat Shampoos: Our Top Picks - Veterinarians.org,https://www.veterinarians.org/cat-shampoo/,10 Jul 2023Summary: BreezyTail PetO'Cera Cat Shampoo is made with allantoin and ceramide and formulated to provide itch relief and rejuvenate your cat's coat. It helps moisturize dry skin and provides relief to itchy skin. The natural and tearless formula is easy on the cat's coat and skin. Shampoo Scent: Unscented.
Miraculous: Tales of Ladybug & Cat Noir - Wikipedia,https://en.wikipedia.org/wiki/Miraculous:_Tales_of_Ladybug_%26_Cat_Noir,"4 days agoMiraculous: Tales of Ladybug & Cat Noir (French: Miraculous, les aventures de Ladybug et Chat Noir) is a computer-animated magical girl superhero television series produced by French companies Zagtoon and Method Animation, and co-produced with Japanese studio Toei Animation's European division, and several international companies.. The series focuses on two Parisian teenagers, Marinette Dupain ..."
Laughter as Cat Stops Landlord From Entering Owner's Home ... - Newsweek,https://www.newsweek.com/laughter-cat-stops-landlord-entering-home-without-notice-1815666,"1 day agoFunny Viral Trends Online Internet. A cat has been praised for the way she stopped her owner's landlord from entering the house without notice. Dubbed a ""fluffy security system"" by her owner ..."
Possible 'big cat' spotted along busy East Texas road - KLTV 7,https://www.kltv.com/2023/07/27/possible-big-cat-spotted-along-busy-east-texas-road/,"1 day agoPossible 'big cat' spotted along busy East Texas road. TYLER, Texas (KLTV) - An alleged 'big cat' sighting was caught on camera Tuesday evening. The animal was located along Highway 64 at the SRS Building Products store in Tyler, just near The Oil Palace. Edith Martinez was leaving the Woodcrest Mobile Home Park when she saw something ..."
Support cat who 'hears' for deaf owner wins national award,https://www.bbc.com/news/uk-england-derbyshire-66225559,"18 Jul 2023A cat who helps his deaf owner by alerting her to sounds around the house has won a national award. Zebby, a two-year-old black and white cat from Chesterfield, in Derbyshire, was named Cats ..."
